vrn,job_card_no,service_date,service_classification,mileage_reading,service_advisor,job_description,total_bill,source_file,source_row,source_field,merge_rule,confidence_score,validation_status,merge_timestamp
KA32AB9280,JC-DevAus-AA1-2627-000985,13-06-2026,General Repair,0,Shashikumar,,0.0,JC_Backdate_June2026.csv,1,J C NO,Merged Timeline Entry,84.0,VALID,2026-07-09 22:31:15
MH12WX7491,JC-DevAus-AA1-2627-000762,03-06-2026,General Repair,0,Shashikumar,,3504.0,JC_Backdate_June2026.csv,2,J C NO,Merged Timeline Entry,84.0,VALID,2026-07-09 22:31:15
KA32AB5725,JC-DevAus-AA1-2627-000984,13-06-2026,General Repair,0,Shashikumar,,6036.51,JC_Backdate_June2026.csv,3,J C NO,Merged Timeline Entry,84.0,VALID,2026-07-09 22:31:15
KA32AC0713,JC-DevAus-AA1-2627-000996,13-06-2026,General Repair,0,Mustafa,,1935.0,JC_Backdate_June2026.csv,359,J C NO,Merged Timeline Entry,84.0,VALID,2026-07-09 22:31:15
KA32AA4414,JC-DevAus-AA1-2627-000990,13-06-2026,General Repair,0,Mustafa,,29138.31,JC_Backdate_June2026.csv,360,J C NO,Merged Timeline Entry,84.0,VALID,2026-07-09 22:31:15
KA32AA5120,JC-DevAus-AA1-2627-000997,13-06-2026,General Repair,0,Shashikumar,,0.0,JC_Backdate_June2026.csv,361,J C NO,Merged Timeline Entry,84.0,VALID,2026-07-09 22:31:15
KA32AB7784,JC-DevAus-AA1-2627-000988,13-06-2026,General Repair,0,Mustafa,,0.0,JC_Backdate_June2026.csv,362,J C NO,Merged Timeline Entry,84.0,VALID,2026-07-09 22:31:15
MH12WX2417,JC-DevAus-AA1-2627-000993,13-06-2026,General Repair,0,Shashikumar,,0.0,JC_Backdate_June2026.csv,363,J C NO,Merged Timeline Entry,84.0,VALID,2026-07-09 22:31:15
MH12WX7484,JC-DevAus-AA1-2627-000981,13-06-2026,General Repair,0,Shashikumar,,321.2,JC_Backdate_June2026.csv,364,J C NO,Merged Timeline Entry,84.0,VALID,2026-07-09 22:31:15
KA32AB7813,JC-DevAus-AA1-2627-000560,13-06-2026,General Repair,0,Mustafa,,11251.25,JC_Backdate_June2026.csv,365,J C NO,Merged Timeline Entry,84.0,VALID,2026-07-09 22:31:15
KA51AK9153,JC-DevAus-AA1-2627-000991,13-06-2026,General Repair,0,Shashikumar,,24469.14,JC_Backdate_June2026.csv,366,J C NO,Merged Timeline Entry,84.0,VALID,2026-07-09 22:31:15
KA32AB2307,JC-DevAus-AA1-2627-000983,13-06-2026,General Repair,0,Mustafa,,15500.48,JC_Backdate_June2026.csv,367,J C NO,Merged Timeline Entry,84.0,VALID,2026-07-09 22:31:15
KA32AB0946,JC-DevAus-AA1-2627-000995,13-06-2026,General Repair,0,Shashikumar,,1910.35,JC_Backdate_June2026.csv,368,J C NO,Merged Timeline Entry,84.0,VALID,2026-07-09 22:31:15
KA32AC0252,JC-DevAus-AA1-2627-000989,13-06-2026,General Repair,0,Shashikumar,,0.0,JC_Backdate_June2026.csv,369,J C NO,Merged Timeline Entry,84.0,VALID,2026-07-09 22:31:15
KA32AB9349,JC-DevAus-AA1-2627-000986,13-06-2026,General Repair,0,Mustafa,,0.0,JC_Backdate_June2026.csv,370,J C NO,Merged Timeline Entry,84.0,VALID,2026-07-09 22:31:15
KA34A8544,JC-DevAus-AA1-2627-000675,01-06-2026,General Repair,0,Mustafa,,10127.72,JC_Backdate_June2026.csv,4,J C NO,Merged Timeline Entry,86.0,VALID,2026-07-09 22:31:15
KA32AB9417,JC-DevAus-AA1-2627-000805,01-06-2026,General Repair,0,Shashikumar,,10927.91,JC_Backdate_June2026.csv,5,J C NO,Merged Timeline Entry,86.0,VALID,2026-07-09 22:31:15
KA32AC0666,JC-DevAus-AA1-2627-000779,01-06-2026,General Repair,0,Mustafa,,4590.0,JC_Backdate_June2026.csv,6,J C NO,Merged Timeline Entry,86.0,VALID,2026-07-09 22:31:15
KA32G1551,JC-DevAus-AA1-2627-000802,01-06-2026,General Repair,0,Mustafa,,29180.29,JC_Backdate_June2026.csv,7,J C NO,Merged Timeline Entry,86.0,VALID,2026-07-09 22:31:15
KA32AC1121,JC-DevAus-AA1-2627-000811,01-06-2026,General Repair,0,Mustafa,,0.0,JC_Backdate_June2026.csv,8,J C NO,Merged Timeline Entry,86.0,VALID,2026-07-09 22:31:15
KA32AB0531,JC-DevAus-AA1-2627-000803,01-06-2026,General Repair,0,Mustafa,,7567.55,JC_Backdate_June2026.csv,9,J C NO,Merged Timeline Entry,86.0,VALID,2026-07-09 22:31:15
KA32AA7996,JC-DevAus-AA1-2627-000814,01-06-2026,General Repair,0,Shashikumar,,1180.0,JC_Backdate_June2026.csv,10,J C NO,Merged Timeline Entry,86.0,VALID,2026-07-09 22:31:15
KA32AB3616,JC-DevAus-AA1-2627-000812,01-06-2026,General Repair,0,Shashikumar,,10652.1,JC_Backdate_June2026.csv,11,J C NO,Merged Timeline Entry,86.0,VALID,2026-07-09 22:31:15
KA32AB5425,JC-DevAus-AA1-2627-000815,01-06-2026,General Repair,0,Shashikumar,,18414.71,JC_Backdate_June2026.csv,12,J C NO,Merged Timeline Entry,86.0,VALID,2026-07-09 22:31:15
KA32AB9418,JC-DevAus-AA1-2627-000801,01-06-2026,General Repair,0,Mustafa,,10907.91,JC_Backdate_June2026.csv,13,J C NO,Merged Timeline Entry,86.0,VALID,2026-07-09 22:31:15
KA32AB5719,JC-DevAus-AA1-2627-000804,01-06-2026,General Repair,0,Mustafa,,568.0,JC_Backdate_June2026.csv,14,J C NO,Merged Timeline Entry,86.0,VALID,2026-07-09 22:31:15
NL01AF3211,JC-DevAus-AA1-2627-000800,02-06-2026,General Repair,0,Abdul Gani Shek,,7128.0,JC_Backdate_June2026.csv,15,J C NO,Merged Timeline Entry,86.0,VALID,2026-07-09 22:31:15
KA36D2103,JC-DevAus-AA1-2627-000809,02-06-2026,General Repair,0,Mustafa,,0.0,JC_Backdate_June2026.csv,16,J C NO,Merged Timeline Entry,86.0,VALID,2026-07-09 22:31:15
KA32AC1286,JC-DevAus-AA1-2627-000824,02-06-2026,General Repair,0,Mustafa,,0.0,JC_Backdate_June2026.csv,17,J C NO,Merged Timeline Entry,86.0,VALID,2026-07-09 22:31:15
KA32AB1322,JC-DevAus-AA1-2627-000813,02-06-2026,General Repair,0,Mustafa,,3720.07,JC_Backdate_June2026.csv,18,J C NO,Merged Timeline Entry,86.0,VALID,2026-07-09 22:31:15
KA32AB0129,JC-DevAus-AA1-2627-000825,02-06-2026,General Repair,0,Mustafa,,5994.3,JC_Backdate_June2026.csv,19,J C NO,Merged Timeline Entry,86.0,VALID,2026-07-09 22:31:15
KA32AC0835,JC-DevAus-AA1-2627-000819,02-06-2026,General Repair,0,Shashikumar,,0.0,JC_Backdate_June2026.csv,20,J C NO,Merged Timeline Entry,86.0,VALID,2026-07-09 22:31:15
KA32AA6413,JC-DevAus-AA1-2627-000826,02-06-2026,General Repair,0,Shashikumar,,2000.0,JC_Backdate_June2026.csv,21,J C NO,Merged Timeline Entry,86.0,VALID,2026-07-09 22:31:15
MH12YB1068,JC-DevAus-AA1-2627-000760,02-06-2026,General Repair,0,Shashikumar,,1278.0,JC_Backdate_June2026.csv,22,J C NO,Merged Timeline Entry,86.0,VALID,2026-07-09 22:31:15
KA32AB5005,JC-DevAus-AA1-2627-000816,02-06-2026,General Repair,0,Mustafa,,6678.0,JC_Backdate_June2026.csv,23,J C NO,Merged Timeline Entry,86.0,VALID,2026-07-09 22:31:15
KA39A1661,JC-DevAus-AA1-2627-000827,02-06-2026,General Repair,0,Shashikumar,,24488.14,JC_Backdate_June2026.csv,24,J C NO,Merged Timeline Entry,86.0,VALID,2026-07-09 22:31:15
KA32AB7816,JC-DevAus-AA1-2627-000829,02-06-2026,General Repair,0,Mustafa,,472.0,JC_Backdate_June2026.csv,25,J C NO,Merged Timeline Entry,86.0,VALID,2026-07-09 22:31:15
KA32AC0002,JC-DevAus-AA1-2627-000823,02-06-2026,General Repair,0,Mustafa,,10925.01,JC_Backdate_June2026.csv,26,J C NO,Merged Timeline Entry,86.0,VALID,2026-07-09 22:31:15
MH12VT7655,JC-DevAus-AA1-2627-000821,02-06-2026,General Repair,0,Shashikumar,,11631.0,JC_Backdate_June2026.csv,27,J C NO,Merged Timeline Entry,86.0,VALID,2026-07-09 22:31:15
KA32D5623,JC-DevAus-AA1-2627-000818,02-06-2026,General Repair,0,Mustafa,,13006.69,JC_Backdate_June2026.csv,28,J C NO,Merged Timeline Entry,86.0,VALID,2026-07-09 22:31:15
KA32AB9334,JC-DevAus-AA1-2627-000830,02-06-2026,General Repair,0,Shashikumar,,0.0,JC_Backdate_June2026.csv,29,J C NO,Merged Timeline Entry,86.0,VALID,2026-07-09 22:31:15
MH12WX2413,JC-DevAus-AA1-2627-000831,02-06-2026,General Repair,0,Mustafa,,0.0,JC_Backdate_June2026.csv,30,J C NO,Merged Timeline Entry,86.0,VALID,2026-07-09 22:31:15
KA36A3539,JC-DevAus-AA1-2627-000828,02-06-2026,General Repair,0,Abdul Gani Shek,,2999.56,JC_Backdate_June2026.csv,31,J C NO,Merged Timeline Entry,86.0,VALID,2026-07-09 22:31:15
KA33B8278,JC-DevAus-AA1-2627-000820,03-06-2026,General Repair,0,Shashikumar,,9402.0,JC_Backdate_June2026.csv,32,J C NO,Merged Timeline Entry,86.0,VALID,2026-07-09 22:31:15
KA32AB1089,JC-DevAus-AA1-2627-000833,03-06-2026,General Repair,0,Shashikumar,,13087.0,JC_Backdate_June2026.csv,33,J C NO,Merged Timeline Entry,86.0,VALID,2026-07-09 22:31:15
KA32AA9772,JC-DevAus-AA1-2627-000835,03-06-2026,General Repair,0,Shashikumar,,12879.4,JC_Backdate_June2026.csv,34,J C NO,Merged Timeline Entry,86.0,VALID,2026-07-09 22:31:15
KA32D9313,JC-DevAus-AA1-2627-000839,03-06-2026,General Repair,0,Shashikumar,,4059.0,JC_Backdate_June2026.csv,35,J C NO,Merged Timeline Entry,86.0,VALID,2026-07-09 22:31:15
KA36D2414,JC-DevAus-AA1-2627-000838,03-06-2026,General Repair,0,Shashikumar,,0.0,JC_Backdate_June2026.csv,36,J C NO,Merged Timeline Entry,86.0,VALID,2026-07-09 22:31:15
KA32F2787,JC-DevAus-AA1-2627-000832,03-06-2026,General Repair,0,Mustafa,,180.6,JC_Backdate_June2026.csv,37,J C NO,Merged Timeline Entry,86.0,VALID,2026-07-09 22:31:15
KA32AC1330,JC-DevAus-AA1-2627-000841,03-06-2026,General Repair,0,Mustafa,,0.0,JC_Backdate_June2026.csv,38,J C NO,Merged Timeline Entry,86.0,VALID,2026-07-09 22:31:15
KA32AB9934,JC-DevAus-AA1-2627-000842,03-06-2026,General Repair,0,Mustafa,,4873.3,JC_Backdate_June2026.csv,39,J C NO,Merged Timeline Entry,86.0,VALID,2026-07-09 22:31:15
KA32AB1027,JC-DevAus-AA1-2627-000846,03-06-2026,General Repair,0,Mustafa,,2200.11,JC_Backdate_June2026.csv,40,J C NO,Merged Timeline Entry,86.0,VALID,2026-07-09 22:31:15
KA32AB0272,JC-DevAus-AA1-2627-000840,03-06-2026,General Repair,0,Mustafa,,8060.8,JC_Backdate_June2026.csv,41,J C NO,Merged Timeline Entry,86.0,VALID,2026-07-09 22:31:15
MH13DQ8612,JC-DevAus-AA1-2627-000843,03-06-2026,General Repair,0,Mustafa,,13260.0,JC_Backdate_June2026.csv,42,J C NO,Merged Timeline Entry,86.0,VALID,2026-07-09 22:31:15
TS34TB8007,JC-DevAus-AA1-2627-000848,03-06-2026,General Repair,0,Mustafa,,64197.58,JC_Backdate_June2026.csv,43,J C NO,Merged Timeline Entry,86.0,VALID,2026-07-09 22:31:15
KA32AA5833,JC-DevAus-AA1-2627-000817,03-06-2026,General Repair,0,Mustafa,,4837.4,JC_Backdate_June2026.csv,44,J C NO,Merged Timeline Entry,86.0,VALID,2026-07-09 22:31:15
KA32AA1276,JC-DevAus-AA1-2627-000847,03-06-2026,General Repair,0,Shashikumar,,13059.0,JC_Backdate_June2026.csv,45,J C NO,Merged Timeline Entry,86.0,VALID,2026-07-09 22:31:15
KA32AC0466,JC-DevAus-AA1-2627-000793,03-06-2026,General Repair,0,Mustafa,,0.0,JC_Backdate_June2026.csv,46,J C NO,Merged Timeline Entry,86.0,VALID,2026-07-09 22:31:15
KA32AC5516,JC-DevAus-AA1-2627-000849,04-06-2026,General Repair,0,Mustafa,,10907.91,JC_Backdate_June2026.csv,47,J C NO,Merged Timeline Entry,86.0,VALID,2026-07-09 22:31:15
KA32AC1627,JC-DevAus-AA1-2627-000852,04-06-2026,General Repair,0,Mustafa,,3870.0,JC_Backdate_June2026.csv,48,J C NO,Merged Timeline Entry,86.0,VALID,2026-07-09 22:31:15
KA32AC1119,JC-DevAus-AA1-2627-000853,04-06-2026,General Repair,0,Shashikumar,,708.0,JC_Backdate_June2026.csv,49,J C NO,Merged Timeline Entry,86.0,VALID,2026-07-09 22:31:15
KA33C0044,JC-DevAus-AA1-2627-000844,04-06-2026,General Repair,0,Shashikumar,,1652.0,JC_Backdate_June2026.csv,50,J C NO,Merged Timeline Entry,86.0,VALID,2026-07-09 22:31:15
KA32AB5735,JC-DevAus-AA1-2627-000851,04-06-2026,General Repair,0,Mustafa,,1420.6,JC_Backdate_June2026.csv,51,J C NO,Merged Timeline Entry,86.0,VALID,2026-07-09 22:31:15
NL01L2126,JC-DevAus-AA1-2627-000837,04-06-2026,General Repair,0,Abdul Gani Shek,,5451.6,JC_Backdate_June2026.csv,52,J C NO,Merged Timeline Entry,86.0,VALID,2026-07-09 22:31:15
KA32AB1342,JC-DevAus-AA1-2627-000855,04-06-2026,General Repair,0,Shashikumar,,3744.0,JC_Backdate_June2026.csv,53,J C NO,Merged Timeline Entry,86.0,VALID,2026-07-09 22:31:15
KA32AC0003,JC-DevAus-AA1-2627-000854,04-06-2026,General Repair,0,Mustafa,,10927.91,JC_Backdate_June2026.csv,54,J C NO,Merged Timeline Entry,86.0,VALID,2026-07-09 22:31:15
KA28AB2091,JC-DevAus-AA1-2627-000857,04-06-2026,General Repair,0,Shashikumar,,376.95,JC_Backdate_June2026.csv,55,J C NO,Merged Timeline Entry,86.0,VALID,2026-07-09 22:31:15
MH12XM4277,JC-DevAus-AA1-2627-000778,04-06-2026,General Repair,0,Abdul Gani Shek,,16899.81,JC_Backdate_June2026.csv,56,J C NO,Merged Timeline Entry,86.0,VALID,2026-07-09 22:31:15
KA32AC3110,JC-DevAus-AA1-2627-000859,04-06-2026,General Repair,0,Shashikumar,,16919.26,JC_Backdate_June2026.csv,57,J C NO,Merged Timeline Entry,86.0,VALID,2026-07-09 22:31:15
KA32AA8564,JC-DevAus-AA1-2627-000858,04-06-2026,General Repair,0,Mustafa,,5819.65,JC_Backdate_June2026.csv,58,J C NO,Merged Timeline Entry,86.0,VALID,2026-07-09 22:31:15
KA33B6004,JC-DevAus-AA1-2627-000836,05-06-2026,General Repair,0,Shashikumar,,44999.88,JC_Backdate_June2026.csv,59,J C NO,Merged Timeline Entry,86.0,VALID,2026-07-09 22:31:15
KA32AB9279,JC-DevAus-AA1-2627-000862,05-06-2026,General Repair,0,Mustafa,,0.0,JC_Backdate_June2026.csv,60,J C NO,Merged Timeline Entry,86.0,VALID,2026-07-09 22:31:15
KA32AB9278,JC-DevAus-AA1-2627-000861,05-06-2026,General Repair,0,Mustafa,,0.0,JC_Backdate_June2026.csv,61,J C NO,Merged Timeline Entry,86.0,VALID,2026-07-09 22:31:15
KA36D2401,JC-DevAus-AA1-2627-000860,05-06-2026,General Repair,0,Shashikumar,,600.0,JC_Backdate_June2026.csv,62,J C NO,Merged Timeline Entry,86.0,VALID,2026-07-09 22:31:15
MH12YQ0972,JC-DevAus-AA1-2627-000863,05-06-2026,General Repair,0,Shashikumar,,0.0,JC_Backdate_June2026.csv,63,J C NO,Merged Timeline Entry,86.0,VALID,2026-07-09 22:31:15
MH12XM2649,JC-DevAus-AA1-2627-000870,05-06-2026,General Repair,0,Shashikumar,,0.0,JC_Backdate_June2026.csv,64,J C NO,Merged Timeline Entry,86.0,VALID,2026-07-09 22:31:15
KA32AA6411,JC-DevAus-AA1-2627-000871,05-06-2026,General Repair,0,Shashikumar,,0.0,JC_Backdate_June2026.csv,65,J C NO,Merged Timeline Entry,86.0,VALID,2026-07-09 22:31:15
KA32C7263,JC-DevAus-AA1-2627-000869,05-06-2026,General Repair,0,Shashikumar,,13409.0,JC_Backdate_June2026.csv,66,J C NO,Merged Timeline Entry,86.0,VALID,2026-07-09 22:31:15
MH14MH6121,JC-DevAus-AA1-2627-000864,05-06-2026,General Repair,0,Shashikumar,,17599.76,JC_Backdate_June2026.csv,67,J C NO,Merged Timeline Entry,86.0,VALID,2026-07-09 22:31:15
KA32AB0808,JC-DevAus-AA1-2627-000872,05-06-2026,General Repair,0,Shashikumar,,13300.24,JC_Backdate_June2026.csv,68,J C NO,Merged Timeline Entry,86.0,VALID,2026-07-09 22:31:15
AP39WQ5599,JC-DevAus-AA1-2627-000874,05-06-2026,General Repair,0,Mustafa,,20313.11,JC_Backdate_June2026.csv,69,J C NO,Merged Timeline Entry,86.0,VALID,2026-07-09 22:31:15
KA37B2336,JC-DevAus-AA1-2627-000868,05-06-2026,General Repair,0,Shashikumar,,13208.82,JC_Backdate_June2026.csv,70,J C NO,Merged Timeline Entry,86.0,VALID,2026-07-09 22:31:15
MH12WX2414,JC-DevAus-AA1-2627-000856,05-06-2026,General Repair,0,Shashikumar,,0.0,JC_Backdate_June2026.csv,71,J C NO,Merged Timeline Entry,86.0,VALID,2026-07-09 22:31:15
MH12WX2401,JC-DevAus-AA1-2627-000876,05-06-2026,General Repair,0,Shashikumar,,0.0,JC_Backdate_June2026.csv,72,J C NO,Merged Timeline Entry,86.0,VALID,2026-07-09 22:31:15
KA32AB5940,JC-DevAus-AA1-2627-000875,05-06-2026,General Repair,0,Shashikumar,,0.0,JC_Backdate_June2026.csv,73,J C NO,Merged Timeline Entry,86.0,VALID,2026-07-09 22:31:15
KA28AA8590,JC-DevAus-AA1-2627-000866,05-06-2026,General Repair,0,Shashikumar,,4155.32,JC_Backdate_June2026.csv,74,J C NO,Merged Timeline Entry,86.0,VALID,2026-07-09 22:31:15
KA32AA4646,JC-DevAus-AA1-2627-000822,06-06-2026,General Repair,0,Mustafa,,9718.3,JC_Backdate_June2026.csv,75,J C NO,Merged Timeline Entry,86.0,VALID,2026-07-09 22:31:15
KA32AA4661,JC-DevAus-AA1-2627-000882,06-06-2026,General Repair,0,Mustafa,,1770.0,JC_Backdate_June2026.csv,76,J C NO,Merged Timeline Entry,86.0,VALID,2026-07-09 22:31:15
KA32AC1290,JC-DevAus-AA1-2627-000884,06-06-2026,General Repair,0,Mustafa,,0.0,JC_Backdate_June2026.csv,77,J C NO,Merged Timeline Entry,86.0,VALID,2026-07-09 22:31:15
TS08UL9238,JC-DevAus-AA1-2627-000885,06-06-2026,General Repair,0,Shashikumar,,0.0,JC_Backdate_June2026.csv,78,J C NO,Merged Timeline Entry,86.0,VALID,2026-07-09 22:31:15
TS08UL9189,JC-DevAus-AA1-2627-000886,06-06-2026,General Repair,0,Mustafa,,1180.0,JC_Backdate_June2026.csv,79,J C NO,Merged Timeline Entry,86.0,VALID,2026-07-09 22:31:15
KA32AB4172,JC-DevAus-AA1-2627-000865,06-06-2026,General Repair,0,Mustafa,,0.0,JC_Backdate_June2026.csv,80,J C NO,Merged Timeline Entry,86.0,VALID,2026-07-09 22:31:15
MH12WX7491,JC-DevAus-AA1-2627-000881,06-06-2026,General Repair,0,Shashikumar,,0.0,JC_Backdate_June2026.csv,81,J C NO,Merged Timeline Entry,86.0,VALID,2026-07-09 22:31:15
MH12WX7490,JC-DevAus-AA1-2627-000879,06-06-2026,General Repair,0,Mustafa,,551.1,JC_Backdate_June2026.csv,82,J C NO,Merged Timeline Entry,86.0,VALID,2026-07-09 22:31:15
AP39WH2752,JC-DevAus-AA1-2627-000888,06-06-2026,General Repair,0,Mustafa,,6882.2,JC_Backdate_June2026.csv,83,J C NO,Merged Timeline Entry,86.0,VALID,2026-07-09 22:31:15
RJ29GB0457,JC-DevAus-AA1-2627-000890,06-06-2026,General Repair,0,Shashikumar,,1004.6,JC_Backdate_June2026.csv,84,J C NO,Merged Timeline Entry,86.0,VALID,2026-07-09 22:31:15
KA28AB6264,JC-DevAus-AA1-2627-000867,06-06-2026,General Repair,0,Mustafa,,80.0,JC_Backdate_June2026.csv,85,J C NO,Merged Timeline Entry,86.0,VALID,2026-07-09 22:31:15
KA32AA8365,JC-DevAus-AA1-2627-000873,06-06-2026,General Repair,0,Shashikumar,,12914.0,JC_Backdate_June2026.csv,86,J C NO,Merged Timeline Entry,86.0,VALID,2026-07-09 22:31:15
KA32AA5833,JC-DevAus-AA1-2627-000892,06-06-2026,General Repair,0,Mustafa,,1224.8,JC_Backdate_June2026.csv,87,J C NO,Merged Timeline Entry,86.0,VALID,2026-07-09 22:31:15
KA32AC0482,JC-DevAus-AA1-2627-000896,06-06-2026,General Repair,0,Shashikumar,,3870.0,JC_Backdate_June2026.csv,88,J C NO,Merged Timeline Entry,86.0,VALID,2026-07-09 22:31:15
MH12XM2650,JC-DevAus-AA1-2627-000898,06-06-2026,General Repair,0,Shashikumar,,0.0,JC_Backdate_June2026.csv,89,J C NO,Merged Timeline Entry,86.0,VALID,2026-07-09 22:31:15
KA32AB5426,JC-DevAus-AA1-2627-000897,06-06-2026,General Repair,0,Mustafa,,7540.3,JC_Backdate_June2026.csv,90,J C NO,Merged Timeline Entry,86.0,VALID,2026-07-09 22:31:15
KA32AB0448,JC-DevAus-AA1-2627-000878,06-06-2026,General Repair,0,Mustafa,,70000.05,JC_Backdate_June2026.csv,91,J C NO,Merged Timeline Entry,86.0,VALID,2026-07-09 22:31:15
MH25AJ9324,JC-DevAus-AA1-2627-000899,06-06-2026,General Repair,0,Mustafa,,13399.87,JC_Backdate_June2026.csv,92,J C NO,Merged Timeline Entry,86.0,VALID,2026-07-09 22:31:15
KA32AA5120,JC-DevAus-AA1-2627-000883,08-06-2026,General Repair,0,Shashikumar,,1888.0,JC_Backdate_June2026.csv,93,J C NO,Merged Timeline Entry,86.0,VALID,2026-07-09 22:31:15
KA32AC1282,JC-DevAus-AA1-2627-000903,08-06-2026,General Repair,0,Mustafa,,0.0,JC_Backdate_June2026.csv,94,J C NO,Merged Timeline Entry,86.0,VALID,2026-07-09 22:31:15
KA32AB9348,JC-DevAus-AA1-2627-000909,08-06-2026,General Repair,0,Mustafa,,0.0,JC_Backdate_June2026.csv,95,J C NO,Merged Timeline Entry,86.0,VALID,2026-07-09 22:31:15
KA56A0804,JC-DevAus-AA1-2627-000910,08-06-2026,General Repair,0,Mustafa,,1935.0,JC_Backdate_June2026.csv,96,J C NO,Merged Timeline Entry,86.0,VALID,2026-07-09 22:31:15
KA32AA7187,JC-DevAus-AA1-2627-000908,08-06-2026,General Repair,0,Shashikumar,,3620.0,JC_Backdate_June2026.csv,97,J C NO,Merged Timeline Entry,86.0,VALID,2026-07-09 22:31:15
AP39UB4679,JC-DevAus-AA1-2627-000902,08-06-2026,General Repair,0,Mustafa,,3200.12,JC_Backdate_June2026.csv,98,J C NO,Merged Timeline Entry,86.0,VALID,2026-07-09 22:31:15
MH12WX7489,JC-DevAus-AA1-2627-000887,08-06-2026,General Repair,0,Mustafa,,136.0,JC_Backdate_June2026.csv,99,J C NO,Merged Timeline Entry,86.0,VALID,2026-07-09 22:31:15
KA32AB0531,JC-DevAus-AA1-2627-000912,08-06-2026,General Repair,0,Mustafa,,6744.01,JC_Backdate_June2026.csv,100,J C NO,Merged Timeline Entry,86.0,VALID,2026-07-09 22:31:15
KA32AB0594,JC-DevAus-AA1-2627-000913,08-06-2026,General Repair,0,Mustafa,,1180.0,JC_Backdate_June2026.csv,101,J C NO,Merged Timeline Entry,86.0,VALID,2026-07-09 22:31:15
KA32AA3103,JC-DevAus-AA1-2627-000900,08-06-2026,General Repair,0,Mustafa,,14863.74,JC_Backdate_June2026.csv,102,J C NO,Merged Timeline Entry,86.0,VALID,2026-07-09 22:31:15
MH12XM2651,JC-DevAus-AA1-2627-000911,08-06-2026,General Repair,0,Mustafa,,824.0,JC_Backdate_June2026.csv,103,J C NO,Merged Timeline Entry,86.0,VALID,2026-07-09 22:31:15
KA32AA4550,JC-DevAus-AA1-2627-000845,08-06-2026,General Repair,0,Shashikumar,,548.0,JC_Backdate_June2026.csv,104,J C NO,Merged Timeline Entry,86.0,VALID,2026-07-09 22:31:15
KA32AC0597,JC-DevAus-AA1-2627-000904,08-06-2026,General Repair,0,Mustafa,,124.9,JC_Backdate_June2026.csv,105,J C NO,Merged Timeline Entry,86.0,VALID,2026-07-09 22:31:15
KA28AB4673,JC-DevAus-AA1-2627-000905,08-06-2026,General Repair,0,Mustafa,,703.0,JC_Backdate_June2026.csv,106,J C NO,Merged Timeline Entry,86.0,VALID,2026-07-09 22:31:15
KA32AC1123,JC-DevAus-AA1-2627-000917,08-06-2026,General Repair,0,Mustafa,,807.99,JC_Backdate_June2026.csv,107,J C NO,Merged Timeline Entry,86.0,VALID,2026-07-09 22:31:15
KA32AC0991,JC-DevAus-AA1-2627-000918,08-06-2026,General Repair,0,Shashikumar,,10907.91,JC_Backdate_June2026.csv,108,J C NO,Merged Timeline Entry,86.0,VALID,2026-07-09 22:31:15
KA32AB2282,JC-DevAus-AA1-2627-000915,08-06-2026,General Repair,0,Shashikumar,,10190.19,JC_Backdate_June2026.csv,109,J C NO,Merged Timeline Entry,86.0,VALID,2026-07-09 22:31:15
MH12XM8981,JC-DevAus-AA1-2627-000919,08-06-2026,General Repair,0,Shashikumar,,11700.17,JC_Backdate_June2026.csv,110,J C NO,Merged Timeline Entry,86.0,VALID,2026-07-09 22:31:15
KA32AA8553,JC-DevAus-AA1-2627-000907,08-06-2026,General Repair,0,Mustafa,,590.0,JC_Backdate_June2026.csv,111,J C NO,Merged Timeline Entry,86.0,VALID,2026-07-09 22:31:15
KA32AA8530,JC-DevAus-AA1-2627-000894,08-06-2026,General Repair,0,Abdul Gani Shek,,9500.06,JC_Backdate_June2026.csv,112,J C NO,Merged Timeline Entry,86.0,VALID,2026-07-09 22:31:15
KA28AB8805,JC-DevAus-AA1-2627-000923,09-06-2026,General Repair,0,Mustafa,,0.0,JC_Backdate_June2026.csv,113,J C NO,Merged Timeline Entry,86.0,VALID,2026-07-09 22:31:15
KA32F2789,JC-DevAus-AA1-2627-000877,09-06-2026,General Repair,0,Mustafa,,805.0,JC_Backdate_June2026.csv,114,J C NO,Merged Timeline Entry,86.0,VALID,2026-07-09 22:31:15
KA32C1584,JC-DevAus-AA1-2627-000922,09-06-2026,General Repair,0,Mustafa,,21245.95,JC_Backdate_June2026.csv,115,J C NO,Merged Timeline Entry,86.0,VALID,2026-07-09 22:31:15
KA32AB5005,JC-DevAus-AA1-2627-000925,09-06-2026,General Repair,0,Mustafa,,552.0,JC_Backdate_June2026.csv,116,J C NO,Merged Timeline Entry,86.0,VALID,2026-07-09 22:31:15
KA32AA7881,JC-DevAus-AA1-2627-000926,09-06-2026,General Repair,0,Mustafa,,2124.0,JC_Backdate_June2026.csv,117,J C NO,Merged Timeline Entry,86.0,VALID,2026-07-09 22:31:15
KA32AB1723,JC-DevAus-AA1-2627-000921,09-06-2026,General Repair,0,Mustafa,,43554.85,JC_Backdate_June2026.csv,118,J C NO,Merged Timeline Entry,86.0,VALID,2026-07-09 22:31:15
KA01AN4564,JC-DevAus-AA1-2627-000891,09-06-2026,General Repair,0,Shashikumar,,78044.4,JC_Backdate_June2026.csv,119,J C NO,Merged Timeline Entry,86.0,VALID,2026-07-09 22:31:15
KA33B8784,JC-DevAus-AA1-2627-000929,09-06-2026,General Repair,0,Mustafa,,1680.01,JC_Backdate_June2026.csv,120,J C NO,Merged Timeline Entry,86.0,VALID,2026-07-09 22:31:15
KA32AB2470,JC-DevAus-AA1-2627-000893,09-06-2026,General Repair,0,Shashikumar,,12267.09,JC_Backdate_June2026.csv,121,J C NO,Merged Timeline Entry,86.0,VALID,2026-07-09 22:31:15
KA32AA9957,JC-DevAus-AA1-2627-000889,09-06-2026,General Repair,0,Shashikumar,,6091.0,JC_Backdate_June2026.csv,122,J C NO,Merged Timeline Entry,86.0,VALID,2026-07-09 22:31:15
KA32AC1118,JC-DevAus-AA1-2627-000932,09-06-2026,General Repair,0,Mustafa,,0.0,JC_Backdate_June2026.csv,123,J C NO,Merged Timeline Entry,86.0,VALID,2026-07-09 22:31:15
KA32AA7996,JC-DevAus-AA1-2627-000931,09-06-2026,General Repair,0,Mustafa,,0.0,JC_Backdate_June2026.csv,124,J C NO,Merged Timeline Entry,86.0,VALID,2026-07-09 22:31:15
MH12WX7486,JC-DevAus-AA1-2627-000933,09-06-2026,General Repair,0,Mustafa,,0.0,JC_Backdate_June2026.csv,125,J C NO,Merged Timeline Entry,86.0,VALID,2026-07-09 22:31:15
KA32AB5088,JC-DevAus-AA1-2627-000928,09-06-2026,General Repair,0,Mustafa,,5582.3,JC_Backdate_June2026.csv,126,J C NO,Merged Timeline Entry,86.0,VALID,2026-07-09 22:31:15
KA32AC1811,JC-DevAus-AA1-2627-000644,09-06-2026,General Repair,0,Ahmed Hussain,,16437.29,JC_Backdate_June2026.csv,127,J C NO,Merged Timeline Entry,86.0,VALID,2026-07-09 22:31:15
KA32AA7994,JC-DevAus-AA1-2627-000906,09-06-2026,General Repair,0,Mustafa,,999.46,JC_Backdate_June2026.csv,128,J C NO,Merged Timeline Entry,86.0,VALID,2026-07-09 22:31:15
KA32AB0943,JC-DevAus-AA1-2627-000916,09-06-2026,General Repair,0,Shashikumar,,472.0,JC_Backdate_June2026.csv,129,J C NO,Merged Timeline Entry,86.0,VALID,2026-07-09 22:31:15
KA32AB0944,JC-DevAus-AA1-2627-000914,09-06-2026,General Repair,0,Mustafa,,717.7,JC_Backdate_June2026.csv,130,J C NO,Merged Timeline Entry,86.0,VALID,2026-07-09 22:31:15
KA32AA9089,JC-DevAus-AA1-2627-000935,09-06-2026,General Repair,0,Mustafa,,2474.05,JC_Backdate_June2026.csv,131,J C NO,Merged Timeline Entry,86.0,VALID,2026-07-09 22:31:15
MH07C6164,JC-DevAus-AA1-2627-000938,10-06-2026,General Repair,0,Shashikumar,,8999.86,JC_Backdate_June2026.csv,132,J C NO,Merged Timeline Entry,86.0,VALID,2026-07-09 22:31:15
KA32AA9847,JC-DevAus-AA1-2627-000934,10-06-2026,General Repair,0,Mustafa,,5227.3,JC_Backdate_June2026.csv,133,J C NO,Merged Timeline Entry,86.0,VALID,2026-07-09 22:31:15
KA32AC1121,JC-DevAus-AA1-2627-000940,10-06-2026,General Repair,0,Shashikumar,,625.05,JC_Backdate_June2026.csv,134,J C NO,Merged Timeline Entry,86.0,VALID,2026-07-09 22:31:15
KA32AB9141,JC-DevAus-AA1-2627-000941,10-06-2026,General Repair,0,Shashikumar,,10927.91,JC_Backdate_June2026.csv,135,J C NO,Merged Timeline Entry,86.0,VALID,2026-07-09 22:31:15
KA32AB2990,JC-DevAus-AA1-2627-000942,10-06-2026,General Repair,0,Shashikumar,,0.0,JC_Backdate_June2026.csv,136,J C NO,Merged Timeline Entry,86.0,VALID,2026-07-09 22:31:15
KA32AC0596,JC-DevAus-AA1-2627-000946,10-06-2026,General Repair,0,Mustafa,,0.0,JC_Backdate_June2026.csv,137,J C NO,Merged Timeline Entry,86.0,VALID,2026-07-09 22:31:15
KA32AC1123,JC-DevAus-AA1-2627-000945,10-06-2026,General Repair,0,Shashikumar,,675.0,JC_Backdate_June2026.csv,138,J C NO,Merged Timeline Entry,86.0,VALID,2026-07-09 22:31:15
MH12TV1319,JC-DevAus-AA1-2627-000943,10-06-2026,General Repair,0,Mustafa,,14550.02,JC_Backdate_June2026.csv,139,J C NO,Merged Timeline Entry,86.0,VALID,2026-07-09 22:31:15
KA32AB0092,JC-DevAus-AA1-2627-000947,10-06-2026,General Repair,0,Mustafa,,1099.76,JC_Backdate_June2026.csv,140,J C NO,Merged Timeline Entry,86.0,VALID,2026-07-09 22:31:15
MH12UM8944,JC-DevAus-AA1-2627-000930,10-06-2026,General Repair,0,Abdul Gani Shek,,4342.1,JC_Backdate_June2026.csv,141,J C NO,Merged Timeline Entry,86.0,VALID,2026-07-09 22:31:15
KA32AB3238,JC-DevAus-AA1-2627-000924,10-06-2026,General Repair,0,Mustafa,,22427.8,JC_Backdate_June2026.csv,142,J C NO,Merged Timeline Entry,86.0,VALID,2026-07-09 22:31:15
KA32AC1700,JC-DevAus-AA1-2627-000950,10-06-2026,General Repair,0,Mustafa,,3988.0,JC_Backdate_June2026.csv,143,J C NO,Merged Timeline Entry,86.0,VALID,2026-07-09 22:31:15
KA32AB6406,JC-DevAus-AA1-2627-000952,10-06-2026,General Repair,0,Mustafa,,243.0,JC_Backdate_June2026.csv,144,J C NO,Merged Timeline Entry,86.0,VALID,2026-07-09 22:31:15
KA32AB5337,JC-DevAus-AA1-2627-000951,10-06-2026,General Repair,0,Mustafa,,10999.56,JC_Backdate_June2026.csv,145,J C NO,Merged Timeline Entry,86.0,VALID,2026-07-09 22:31:15
KA32AB7816,JC-DevAus-AA1-2627-000953,10-06-2026,General Repair,0,Mustafa,,1280.0,JC_Backdate_June2026.csv,146,J C NO,Merged Timeline Entry,86.0,VALID,2026-07-09 22:31:15
KA32AA5065,JC-DevAus-AA1-2627-000954,10-06-2026,General Repair,0,Mustafa,,1499.78,JC_Backdate_June2026.csv,147,J C NO,Merged Timeline Entry,86.0,VALID,2026-07-09 22:31:15
KA32AB7326,JC-DevAus-AA1-2627-000949,10-06-2026,General Repair,0,Shashikumar,,5263.19,JC_Backdate_June2026.csv,148,J C NO,Merged Timeline Entry,86.0,VALID,2026-07-09 22:31:15
KA32AA6921,JC-DevAus-AA1-2627-000948,11-06-2026,General Repair,0,Mustafa,,21613.16,JC_Backdate_June2026.csv,149,J C NO,Merged Timeline Entry,86.0,VALID,2026-07-09 22:31:15
KA32AC2240,JC-DevAus-AA1-2627-000957,11-06-2026,General Repair,0,Shashikumar,,0.0,JC_Backdate_June2026.csv,150,J C NO,Merged Timeline Entry,86.0,VALID,2026-07-09 22:31:15
KA32AC1120,JC-DevAus-AA1-2627-000960,11-06-2026,General Repair,0,Mustafa,,739.0,JC_Backdate_June2026.csv,151,J C NO,Merged Timeline Entry,86.0,VALID,2026-07-09 22:31:15
KA32AC1204,JC-DevAus-AA1-2627-000956,11-06-2026,General Repair,0,Shashikumar,,18122.77,JC_Backdate_June2026.csv,152,J C NO,Merged Timeline Entry,86.0,VALID,2026-07-09 22:31:15
KA32F2787,JC-DevAus-AA1-2627-000962,11-06-2026,General Repair,0,Mustafa,,0.0,JC_Backdate_June2026.csv,153,J C NO,Merged Timeline Entry,86.0,VALID,2026-07-09 22:31:15
MH12XM7125,JC-DevAus-AA1-2627-000927,11-06-2026,General Repair,0,Mustafa,,12710.25,JC_Backdate_June2026.csv,154,J C NO,Merged Timeline Entry,86.0,VALID,2026-07-09 22:31:15
KA32AB6253,JC-DevAus-AA1-2627-000955,11-06-2026,General Repair,0,Mustafa,,9470.49,JC_Backdate_June2026.csv,155,J C NO,Merged Timeline Entry,86.0,VALID,2026-07-09 22:31:15
KA32AB0492,JC-DevAus-AA1-2627-000958,11-06-2026,General Repair,0,Shashikumar,,3789.99,JC_Backdate_June2026.csv,156,J C NO,Merged Timeline Entry,86.0,VALID,2026-07-09 22:31:15
RJ19GK4600,JC-DevAus-AA1-2627-000939,11-06-2026,General Repair,0,Abdul Gani Shek,,0.0,JC_Backdate_June2026.csv,157,J C NO,Merged Timeline Entry,86.0,VALID,2026-07-09 22:31:15
KA32AC1122,JC-DevAus-AA1-2627-000961,11-06-2026,General Repair,0,Mustafa,,0.0,JC_Backdate_June2026.csv,158,J C NO,Merged Timeline Entry,86.0,VALID,2026-07-09 22:31:15
KA32AC1329,JC-DevAus-AA1-2627-000965,11-06-2026,General Repair,0,Mustafa,,0.0,JC_Backdate_June2026.csv,159,J C NO,Merged Timeline Entry,86.0,VALID,2026-07-09 22:31:15
KA32AA4755,JC-DevAus-AA1-2627-000964,11-06-2026,General Repair,0,Shashikumar,,9665.95,JC_Backdate_June2026.csv,160,J C NO,Merged Timeline Entry,86.0,VALID,2026-07-09 22:31:15
KA32AB5252,JC-DevAus-AA1-2627-000936,11-06-2026,General Repair,0,Mustafa,,10962.04,JC_Backdate_June2026.csv,161,J C NO,Merged Timeline Entry,86.0,VALID,2026-07-09 22:31:15
KA33B5553,JC-DevAus-AA1-2627-000937,11-06-2026,General Repair,0,Mustafa,,50000.46,JC_Backdate_June2026.csv,162,J C NO,Merged Timeline Entry,86.0,VALID,2026-07-09 22:31:15
KA32AA4661,JC-DevAus-AA1-2627-000963,11-06-2026,General Repair,0,Mustafa,,12736.55,JC_Backdate_June2026.csv,163,J C NO,Merged Timeline Entry,86.0,VALID,2026-07-09 22:31:15
KA32AB1125,JC-DevAus-AA1-2627-000969,12-06-2026,General Repair,0,Mustafa,,1707.0,JC_Backdate_June2026.csv,164,J C NO,Merged Timeline Entry,86.0,VALID,2026-07-09 22:31:15
KA33C0385,JC-DevAus-AA1-2627-000974,12-06-2026,General Repair,0,Shashikumar,,10927.91,JC_Backdate_June2026.csv,165,J C NO,Merged Timeline Entry,86.0,VALID,2026-07-09 22:31:15
KA32AB1533,JC-DevAus-AA1-2627-000972,12-06-2026,General Repair,0,Shashikumar,,640.0,JC_Backdate_June2026.csv,166,J C NO,Merged Timeline Entry,86.0,VALID,2026-07-09 22:31:15
KA32AC1610,JC-DevAus-AA1-2627-000966,12-06-2026,General Repair,0,Shashikumar,,0.0,JC_Backdate_June2026.csv,167,J C NO,Merged Timeline Entry,86.0,VALID,2026-07-09 22:31:15
KA32AA6921,JC-DevAus-AA1-2627-000975,12-06-2026,General Repair,0,Mustafa,,4462.55,JC_Backdate_June2026.csv,168,J C NO,Merged Timeline Entry,86.0,VALID,2026-07-09 22:31:15
MH12VT9927,JC-DevAus-AA1-2627-000971,12-06-2026,General Repair,0,Shashikumar,,6844.0,JC_Backdate_June2026.csv,169,J C NO,Merged Timeline Entry,86.0,VALID,2026-07-09 22:31:15
KA36D2413,JC-DevAus-AA1-2627-000980,12-06-2026,General Repair,0,Mustafa,,0.0,JC_Backdate_June2026.csv,170,J C NO,Merged Timeline Entry,86.0,VALID,2026-07-09 22:31:15
KA32AA1276,JC-DevAus-AA1-2627-000967,12-06-2026,General Repair,0,Shashikumar,,3313.0,JC_Backdate_June2026.csv,171,J C NO,Merged Timeline Entry,86.0,VALID,2026-07-09 22:31:15
KA32AB9396,JC-DevAus-AA1-2627-000968,12-06-2026,General Repair,0,Mustafa,,11070.36,JC_Backdate_June2026.csv,172,J C NO,Merged Timeline Entry,86.0,VALID,2026-07-09 22:31:15
KA32AB9412,JC-DevAus-AA1-2627-000977,12-06-2026,General Repair,0,Shashikumar,,13590.91,JC_Backdate_June2026.csv,173,J C NO,Merged Timeline Entry,86.0,VALID,2026-07-09 22:31:15
KA32AC1627,JC-DevAus-AA1-2627-000978,12-06-2026,General Repair,0,Mustafa,,0.0,JC_Backdate_June2026.csv,174,J C NO,Merged Timeline Entry,86.0,VALID,2026-07-09 22:31:15
TS34TB8006,JC-DevAus-AA1-2627-000979,12-06-2026,General Repair,0,Mustafa,,18999.84,JC_Backdate_June2026.csv,175,J C NO,Merged Timeline Entry,86.0,VALID,2026-07-09 22:31:15
KA28AA9415,JC-DevAus-AA1-2627-000976,12-06-2026,General Repair,0,Shashikumar,,13999.53,JC_Backdate_June2026.csv,176,J C NO,Merged Timeline Entry,86.0,VALID,2026-07-09 22:31:15
KA32AA5835,JC-DevAus-AA1-2627-000973,12-06-2026,General Repair,0,Shashikumar,,21000.33,JC_Backdate_June2026.csv,177,J C NO,Merged Timeline Entry,86.0,VALID,2026-07-09 22:31:15
MH12XM2654,JC-DevAus-AA1-2627-000959,12-06-2026,General Repair,0,Mustafa,,1852.0,JC_Backdate_June2026.csv,178,J C NO,Merged Timeline Entry,86.0,VALID,2026-07-09 22:31:15
KA32AB9848,JC-DevAus-AA1-2627-001000,15-06-2026,General Repair,0,Mustafa,,10907.91,JC_Backdate_June2026.csv,179,J C NO,Merged Timeline Entry,86.0,VALID,2026-07-09 22:31:15
KA32AB2748,JC-DevAus-AA1-2627-000735,15-06-2026,General Repair,0,Shashikumar,,50499.95,JC_Backdate_June2026.csv,180,J C NO,Merged Timeline Entry,86.0,VALID,2026-07-09 22:31:15
OD09V4671,JC-DevAus-AA1-2627-000726,15-06-2026,General Repair,0,Shashikumar,,2585.38,JC_Backdate_June2026.csv,181,J C NO,Merged Timeline Entry,86.0,VALID,2026-07-09 22:31:15
KA33B9520,JC-DevAus-AA1-2627-001002,15-06-2026,General Repair,0,Shashikumar,,4999.9,JC_Backdate_June2026.csv,182,J C NO,Merged Timeline Entry,86.0,VALID,2026-07-09 22:31:15
KA32AB5197,JC-DevAus-AA1-2627-001001,15-06-2026,General Repair,0,Mustafa,,5332.3,JC_Backdate_June2026.csv,183,J C NO,Merged Timeline Entry,86.0,VALID,2026-07-09 22:31:15
KA32AC1281,JC-DevAus-AA1-2627-001011,15-06-2026,General Repair,0,Mustafa,,0.0,JC_Backdate_June2026.csv,184,J C NO,Merged Timeline Entry,86.0,VALID,2026-07-09 22:31:15
KA32AC0891,JC-DevAus-AA1-2627-001003,15-06-2026,General Repair,0,Mustafa,,276.45,JC_Backdate_June2026.csv,185,J C NO,Merged Timeline Entry,86.0,VALID,2026-07-09 22:31:15
KA32AB1781,JC-DevAus-AA1-2627-001013,15-06-2026,General Repair,0,Mustafa,,80.0,JC_Backdate_June2026.csv,186,J C NO,Merged Timeline Entry,86.0,VALID,2026-07-09 22:31:15
AP39WM7421,JC-DevAus-AA1-2627-001008,15-06-2026,General Repair,0,Abdul Gani Shek,,2699.64,JC_Backdate_June2026.csv,187,J C NO,Merged Timeline Entry,86.0,VALID,2026-07-09 22:31:15
KA32AB2497,JC-DevAus-AA1-2627-001009,15-06-2026,General Repair,0,Shashikumar,,720.0,JC_Backdate_June2026.csv,188,J C NO,Merged Timeline Entry,86.0,VALID,2026-07-09 22:31:15
KA32AB0265,JC-DevAus-AA1-2627-001004,15-06-2026,General Repair,0,Mustafa,,12732.95,JC_Backdate_June2026.csv,189,J C NO,Merged Timeline Entry,86.0,VALID,2026-07-09 22:31:15
KA32AC1626,JC-DevAus-AA1-2627-001012,15-06-2026,General Repair,0,Shashikumar,,0.0,JC_Backdate_June2026.csv,190,J C NO,Merged Timeline Entry,86.0,VALID,2026-07-09 22:31:15
KA32AA0054,JC-DevAus-AA1-2627-000982,15-06-2026,General Repair,0,Mustafa,,9670.0,JC_Backdate_June2026.csv,191,J C NO,Merged Timeline Entry,86.0,VALID,2026-07-09 22:31:15
KA32AB5251,JC-DevAus-AA1-2627-001016,15-06-2026,General Repair,0,Shashikumar,,0.0,JC_Backdate_June2026.csv,192,J C NO,Merged Timeline Entry,86.0,VALID,2026-07-09 22:31:15
KA32AC0472,JC-DevAus-AA1-2627-001007,15-06-2026,General Repair,0,Mustafa,,10927.91,JC_Backdate_June2026.csv,193,J C NO,Merged Timeline Entry,86.0,VALID,2026-07-09 22:31:15
KA32AC0470,JC-DevAus-AA1-2627-001006,15-06-2026,General Repair,0,Mustafa,,10927.91,JC_Backdate_June2026.csv,194,J C NO,Merged Timeline Entry,86.0,VALID,2026-07-09 22:31:15
MH01EE8079,JC-DevAus-AA1-2627-000999,15-06-2026,General Repair,0,Abdul Gani Shek,,6000.3,JC_Backdate_June2026.csv,195,J C NO,Merged Timeline Entry,86.0,VALID,2026-07-09 22:31:15
KA32F2766,JC-DevAus-AA1-2627-001019,15-06-2026,General Repair,0,Mustafa,,423.0,JC_Backdate_June2026.csv,196,J C NO,Merged Timeline Entry,86.0,VALID,2026-07-09 22:31:15
KA32AB2350,JC-DevAus-AA1-2627-001010,15-06-2026,General Repair,0,Mustafa,,5512.0,JC_Backdate_June2026.csv,197,J C NO,Merged Timeline Entry,86.0,VALID,2026-07-09 22:31:15
KA39A3743,JC-DevAus-AA1-2627-001015,15-06-2026,General Repair,0,Shashikumar,,1534.0,JC_Backdate_June2026.csv,198,J C NO,Merged Timeline Entry,86.0,VALID,2026-07-09 22:31:15
KA32AB1468,JC-DevAus-AA1-2627-001018,15-06-2026,General Repair,0,Mustafa,,2454.15,JC_Backdate_June2026.csv,199,J C NO,Merged Timeline Entry,86.0,VALID,2026-07-09 22:31:15
MH12WX2420,JC-DevAus-AA1-2627-001005,15-06-2026,General Repair,0,Mustafa,,266.5,JC_Backdate_June2026.csv,200,J C NO,Merged Timeline Entry,86.0,VALID,2026-07-09 22:31:15
KA32AB7818,JC-DevAus-AA1-2627-001020,15-06-2026,General Repair,0,Shashikumar,,13510.25,JC_Backdate_June2026.csv,201,J C NO,Merged Timeline Entry,86.0,VALID,2026-07-09 22:31:15
KA32AB5720,JC-DevAus-AA1-2627-001017,15-06-2026,General Repair,0,Shashikumar,,0.0,JC_Backdate_June2026.csv,202,J C NO,Merged Timeline Entry,86.0,VALID,2026-07-09 22:31:15
KA36C9669,JC-DevAus-AA1-2627-000992,16-06-2026,General Repair,0,Abdul Gani Shek,,864.0,JC_Backdate_June2026.csv,203,J C NO,Merged Timeline Entry,86.0,VALID,2026-07-09 22:31:15
KA32AB2802,JC-DevAus-AA1-2627-001014,16-06-2026,General Repair,0,Mustafa,,9738.05,JC_Backdate_June2026.csv,204,J C NO,Merged Timeline Entry,86.0,VALID,2026-07-09 22:31:15
MH24AU9588,JC-DevAus-AA1-2627-001029,16-06-2026,General Repair,0,Mustafa,,1652.0,JC_Backdate_June2026.csv,205,J C NO,Merged Timeline Entry,86.0,VALID,2026-07-09 22:31:15
KA32AB0735,JC-DevAus-AA1-2627-001022,16-06-2026,General Repair,0,Mustafa,,1047.33,JC_Backdate_June2026.csv,206,J C NO,Merged Timeline Entry,86.0,VALID,2026-07-09 22:31:15
MH12WJ7314,JC-DevAus-AA1-2627-001024,16-06-2026,General Repair,0,Shashikumar,,808.0,JC_Backdate_June2026.csv,207,J C NO,Merged Timeline Entry,86.0,VALID,2026-07-09 22:31:15
DD01H9685,JC-DevAus-AA1-2627-001031,16-06-2026,General Repair,0,Mustafa,,19288.06,JC_Backdate_June2026.csv,208,J C NO,Merged Timeline Entry,86.0,VALID,2026-07-09 22:31:15
KA32AA9843,JC-DevAus-AA1-2627-001025,16-06-2026,General Repair,0,Shashikumar,,1057.0,JC_Backdate_June2026.csv,209,J C NO,Merged Timeline Entry,86.0,VALID,2026-07-09 22:31:15
MH12WX2426,JC-DevAus-AA1-2627-001034,16-06-2026,General Repair,0,Mustafa,,354.0,JC_Backdate_June2026.csv,210,J C NO,Merged Timeline Entry,86.0,VALID,2026-07-09 22:31:15
KA32AC1293,JC-DevAus-AA1-2627-001030,16-06-2026,General Repair,0,Mustafa,,827.99,JC_Backdate_June2026.csv,211,J C NO,Merged Timeline Entry,86.0,VALID,2026-07-09 22:31:15
KA32AA8202,JC-DevAus-AA1-2627-001021,16-06-2026,General Repair,0,Shashikumar,,32505.11,JC_Backdate_June2026.csv,212,J C NO,Merged Timeline Entry,86.0,VALID,2026-07-09 22:31:15
KA32AB2987,JC-DevAus-AA1-2627-001037,16-06-2026,General Repair,0,Shashikumar,,947.15,JC_Backdate_June2026.csv,213,J C NO,Merged Timeline Entry,86.0,VALID,2026-07-09 22:31:15
TS08UL9149,JC-DevAus-AA1-2627-001033,16-06-2026,General Repair,0,Mustafa,,5837.3,JC_Backdate_June2026.csv,214,J C NO,Merged Timeline Entry,86.0,VALID,2026-07-09 22:31:15
KA32AC5004,JC-DevAus-AA1-2627-001043,16-06-2026,General Repair,0,Mustafa,,0.0,JC_Backdate_June2026.csv,215,J C NO,Merged Timeline Entry,86.0,VALID,2026-07-09 22:31:15
KA32AA6943,JC-DevAus-AA1-2627-001038,16-06-2026,General Repair,0,Shashikumar,,3633.5,JC_Backdate_June2026.csv,216,J C NO,Merged Timeline Entry,86.0,VALID,2026-07-09 22:31:15
KA32AC3110,JC-DevAus-AA1-2627-001040,16-06-2026,General Repair,0,Mustafa,,2289.0,JC_Backdate_June2026.csv,217,J C NO,Merged Timeline Entry,86.0,VALID,2026-07-09 22:31:15
KA32AB4837,JC-DevAus-AA1-2627-001035,16-06-2026,General Repair,0,Shashikumar,,6405.0,JC_Backdate_June2026.csv,218,J C NO,Merged Timeline Entry,86.0,VALID,2026-07-09 22:31:15
KA32AA9199,JC-DevAus-AA1-2627-001032,16-06-2026,General Repair,0,Shashikumar,,6599.97,JC_Backdate_June2026.csv,219,J C NO,Merged Timeline Entry,86.0,VALID,2026-07-09 22:31:15
MH12TV7984,JC-DevAus-AA1-2627-001023,16-06-2026,General Repair,0,Abdul Gani Shek,,7443.2,JC_Backdate_June2026.csv,220,J C NO,Merged Timeline Entry,86.0,VALID,2026-07-09 22:31:15
KA32AB7338,JC-DevAus-AA1-2627-001041,17-06-2026,General Repair,0,Shashikumar,,474.0,JC_Backdate_June2026.csv,221,J C NO,Merged Timeline Entry,86.0,VALID,2026-07-09 22:31:15
KA32AA8530,JC-DevAus-AA1-2627-001042,17-06-2026,General Repair,0,Shashikumar,,2745.0,JC_Backdate_June2026.csv,222,J C NO,Merged Timeline Entry,86.0,VALID,2026-07-09 22:31:15
KA36D2415,JC-DevAus-AA1-2627-001048,17-06-2026,General Repair,0,Mustafa,,0.0,JC_Backdate_June2026.csv,223,J C NO,Merged Timeline Entry,86.0,VALID,2026-07-09 22:31:15
KA32AB4258,JC-DevAus-AA1-2627-000998,17-06-2026,General Repair,0,Abdul Gani Shek,,1236.0,JC_Backdate_June2026.csv,224,J C NO,Merged Timeline Entry,86.0,VALID,2026-07-09 22:31:15
KA22D3067,JC-DevAus-AA1-2627-001047,17-06-2026,General Repair,0,Shashikumar,,500.32,JC_Backdate_June2026.csv,225,J C NO,Merged Timeline Entry,86.0,VALID,2026-07-09 22:31:15
KA32AC0584,JC-DevAus-AA1-2627-001050,17-06-2026,General Repair,0,Shashikumar,,11635.91,JC_Backdate_June2026.csv,226,J C NO,Merged Timeline Entry,86.0,VALID,2026-07-09 22:31:15
KA32AB0946,JC-DevAus-AA1-2627-001039,17-06-2026,General Repair,0,Mustafa,,4399.74,JC_Backdate_June2026.csv,227,J C NO,Merged Timeline Entry,86.0,VALID,2026-07-09 22:31:15
KA51AG3773,JC-DevAus-AA1-2627-001052,17-06-2026,General Repair,0,Mustafa,,2124.0,JC_Backdate_June2026.csv,228,J C NO,Merged Timeline Entry,86.0,VALID,2026-07-09 22:31:15
KA32AC0955,JC-DevAus-AA1-2627-001045,17-06-2026,General Repair,0,Shashikumar,,1953.0,JC_Backdate_June2026.csv,229,J C NO,Merged Timeline Entry,86.0,VALID,2026-07-09 22:31:15
KA32AA5120,JC-DevAus-AA1-2627-001054,17-06-2026,General Repair,0,Shashikumar,,354.0,JC_Backdate_June2026.csv,230,J C NO,Merged Timeline Entry,86.0,VALID,2026-07-09 22:31:15
MH01EE8066,JC-DevAus-AA1-2627-001046,17-06-2026,General Repair,0,Shashikumar,,18278.2,JC_Backdate_June2026.csv,231,J C NO,Merged Timeline Entry,86.0,VALID,2026-07-09 22:31:15
KA32AC2138,JC-DevAus-AA1-2627-001058,17-06-2026,General Repair,0,Mustafa,,0.0,JC_Backdate_June2026.csv,232,J C NO,Merged Timeline Entry,86.0,VALID,2026-07-09 22:31:15
KA32AA6785,JC-DevAus-AA1-2627-001049,17-06-2026,General Repair,0,Mustafa,,21244.4,JC_Backdate_June2026.csv,233,J C NO,Merged Timeline Entry,86.0,VALID,2026-07-09 22:31:15
KA32AA7450,JC-DevAus-AA1-2627-001055,17-06-2026,General Repair,0,Mustafa,,4252.88,JC_Backdate_June2026.csv,234,J C NO,Merged Timeline Entry,86.0,VALID,2026-07-09 22:31:15
KA05AK5585,JC-DevAus-AA1-2627-000994,17-06-2026,General Repair,0,Shashikumar,,8375.4,JC_Backdate_June2026.csv,235,J C NO,Merged Timeline Entry,86.0,VALID,2026-07-09 22:31:15
KA36D2127,JC-DevAus-AA1-2627-001051,17-06-2026,General Repair,0,Shashikumar,,1697.0,JC_Backdate_June2026.csv,236,J C NO,Merged Timeline Entry,86.0,VALID,2026-07-09 22:31:15
GJ39T5129,JC-DevAus-AA1-2627-001066,18-06-2026,General Repair,0,Shashikumar,,1180.0,JC_Backdate_June2026.csv,237,J C NO,Merged Timeline Entry,86.0,VALID,2026-07-09 22:31:15
KA32AC1019,JC-DevAus-AA1-2627-001067,18-06-2026,General Repair,0,Shashikumar,,300.0,JC_Backdate_June2026.csv,238,J C NO,Merged Timeline Entry,86.0,VALID,2026-07-09 22:31:15
KA32AB5426,JC-DevAus-AA1-2627-001068,18-06-2026,General Repair,0,Mustafa,,3677.0,JC_Backdate_June2026.csv,239,J C NO,Merged Timeline Entry,86.0,VALID,2026-07-09 22:31:15
KA32AC1288,JC-DevAus-AA1-2627-001070,18-06-2026,General Repair,0,Mustafa,,0.0,JC_Backdate_June2026.csv,240,J C NO,Merged Timeline Entry,86.0,VALID,2026-07-09 22:31:15
KA32AC1283,JC-DevAus-AA1-2627-001069,18-06-2026,General Repair,0,Mustafa,,0.0,JC_Backdate_June2026.csv,241,J C NO,Merged Timeline Entry,86.0,VALID,2026-07-09 22:31:15
KA32AC2212,JC-DevAus-AA1-2627-001053,18-06-2026,General Repair,0,Mustafa,,1285.65,JC_Backdate_June2026.csv,242,J C NO,Merged Timeline Entry,86.0,VALID,2026-07-09 22:31:15
KA32AC2022,JC-DevAus-AA1-2627-001072,18-06-2026,General Repair,0,Mustafa,,2058.1,JC_Backdate_June2026.csv,243,J C NO,Merged Timeline Entry,86.0,VALID,2026-07-09 22:31:15
MH12XM2650,JC-DevAus-AA1-2627-001057,18-06-2026,General Repair,0,Mustafa,,14028.0,JC_Backdate_June2026.csv,244,J C NO,Merged Timeline Entry,86.0,VALID,2026-07-09 22:31:15
KA28AA6656,JC-DevAus-AA1-2627-001063,18-06-2026,General Repair,0,Abdul Gani Shek,,6000.3,JC_Backdate_June2026.csv,245,J C NO,Merged Timeline Entry,86.0,VALID,2026-07-09 22:31:15
KA32AA9091,JC-DevAus-AA1-2627-001071,18-06-2026,General Repair,0,Mustafa,,3697.0,JC_Backdate_June2026.csv,246,J C NO,Merged Timeline Entry,86.0,VALID,2026-07-09 22:31:15
KA32AB3282,JC-DevAus-AA1-2627-001065,18-06-2026,General Repair,0,Shashikumar,,7031.5,JC_Backdate_June2026.csv,247,J C NO,Merged Timeline Entry,86.0,VALID,2026-07-09 22:31:15
KA32AA9436,JC-DevAus-AA1-2627-001064,18-06-2026,General Repair,0,Shashikumar,,6003.0,JC_Backdate_June2026.csv,248,J C NO,Merged Timeline Entry,86.0,VALID,2026-07-09 22:31:15
KA32AA9227,JC-DevAus-AA1-2627-000970,18-06-2026,General Repair,0,Shashikumar,,4179.5,JC_Backdate_June2026.csv,249,J C NO,Merged Timeline Entry,86.0,VALID,2026-07-09 22:31:15
RJ02GC6912,JC-DevAus-AA1-2627-001073,19-06-2026,General Repair,0,Abdul Gani Shek,,13604.2,JC_Backdate_June2026.csv,250,J C NO,Merged Timeline Entry,86.0,VALID,2026-07-09 22:31:15
MH12XM2654,JC-DevAus-AA1-2627-001074,19-06-2026,General Repair,0,Mustafa,,20.0,JC_Backdate_June2026.csv,251,J C NO,Merged Timeline Entry,86.0,VALID,2026-07-09 22:31:15
KA32AA9870,JC-DevAus-AA1-2627-001036,19-06-2026,General Repair,0,Shashikumar,,4542.05,JC_Backdate_June2026.csv,252,J C NO,Merged Timeline Entry,86.0,VALID,2026-07-09 22:31:15
KA32AC1285,JC-DevAus-AA1-2627-001076,19-06-2026,General Repair,0,Mustafa,,0.0,JC_Backdate_June2026.csv,253,J C NO,Merged Timeline Entry,86.0,VALID,2026-07-09 22:31:15
NL01AD4819,JC-DevAus-AA1-2627-001078,19-06-2026,General Repair,0,Mustafa,,2950.0,JC_Backdate_June2026.csv,254,J C NO,Merged Timeline Entry,86.0,VALID,2026-07-09 22:31:15
KA32AB9843,JC-DevAus-AA1-2627-001081,19-06-2026,General Repair,0,Mustafa,,354.0,JC_Backdate_June2026.csv,255,J C NO,Merged Timeline Entry,86.0,VALID,2026-07-09 22:31:15
KA32AA9772,JC-DevAus-AA1-2627-001083,19-06-2026,General Repair,0,Shashikumar,,354.0,JC_Backdate_June2026.csv,256,J C NO,Merged Timeline Entry,86.0,VALID,2026-07-09 22:31:15
KA32AA9847,JC-DevAus-AA1-2627-001080,19-06-2026,General Repair,0,Shashikumar,,0.0,JC_Backdate_June2026.csv,257,J C NO,Merged Timeline Entry,86.0,VALID,2026-07-09 22:31:15
KA32AC1404,JC-DevAus-AA1-2627-001085,19-06-2026,General Repair,0,Shashikumar,,0.0,JC_Backdate_June2026.csv,258,J C NO,Merged Timeline Entry,86.0,VALID,2026-07-09 22:31:15
KA52B9858,JC-DevAus-AA1-2627-001082,19-06-2026,General Repair,0,Mustafa,,5500.04,JC_Backdate_June2026.csv,259,J C NO,Merged Timeline Entry,86.0,VALID,2026-07-09 22:31:15
KA32AB4171,JC-DevAus-AA1-2627-001077,19-06-2026,General Repair,0,Shashikumar,,7651.25,JC_Backdate_June2026.csv,260,J C NO,Merged Timeline Entry,86.0,VALID,2026-07-09 22:31:15
KA32AB0601,JC-DevAus-AA1-2627-001056,19-06-2026,General Repair,0,Shashikumar,,1762.3,JC_Backdate_June2026.csv,261,J C NO,Merged Timeline Entry,86.0,VALID,2026-07-09 22:31:15
KA32AB5197,JC-DevAus-AA1-2627-001092,20-06-2026,General Repair,0,Mustafa,,354.0,JC_Backdate_June2026.csv,262,J C NO,Merged Timeline Entry,86.0,VALID,2026-07-09 22:31:15
KA32AA4662,JC-DevAus-AA1-2627-001028,20-06-2026,General Repair,0,Mustafa,,0.0,JC_Backdate_June2026.csv,263,J C NO,Merged Timeline Entry,86.0,VALID,2026-07-09 22:31:15
KA32AB9419,JC-DevAus-AA1-2627-001086,20-06-2026,General Repair,0,Mustafa,,10907.91,JC_Backdate_June2026.csv,264,J C NO,Merged Timeline Entry,86.0,VALID,2026-07-09 22:31:15
MH14KQ8100,JC-DevAus-AA1-2627-001087,20-06-2026,General Repair,0,Mustafa,,16662.59,JC_Backdate_June2026.csv,265,J C NO,Merged Timeline Entry,86.0,VALID,2026-07-09 22:31:15
KA32AA9199,JC-DevAus-AA1-2627-001090,20-06-2026,General Repair,0,Shashikumar,,1000.05,JC_Backdate_June2026.csv,266,J C NO,Merged Timeline Entry,86.0,VALID,2026-07-09 22:31:15
KA32AC0482,JC-DevAus-AA1-2627-001094,20-06-2026,General Repair,0,Mustafa,,1750.0,JC_Backdate_June2026.csv,267,J C NO,Merged Timeline Entry,86.0,VALID,2026-07-09 22:31:15
MH12UM8444,JC-DevAus-AA1-2627-001089,20-06-2026,General Repair,0,Abdul Gani Shek,,6099.6,JC_Backdate_June2026.csv,268,J C NO,Merged Timeline Entry,86.0,VALID,2026-07-09 22:31:15
KA32AA4646,JC-DevAus-AA1-2627-001091,20-06-2026,General Repair,0,Shashikumar,,3551.0,JC_Backdate_June2026.csv,269,J C NO,Merged Timeline Entry,86.0,VALID,2026-07-09 22:31:15
KA32AB6637,JC-DevAus-AA1-2627-001098,20-06-2026,General Repair,0,Mustafa,,0.0,JC_Backdate_June2026.csv,270,J C NO,Merged Timeline Entry,86.0,VALID,2026-07-09 22:31:15
MH12YQ0972,JC-DevAus-AA1-2627-001102,20-06-2026,General Repair,0,Mustafa,,0.0,JC_Backdate_June2026.csv,271,J C NO,Merged Timeline Entry,86.0,VALID,2026-07-09 22:31:15
KA32AC2171,JC-DevAus-AA1-2627-001095,20-06-2026,General Repair,0,Shashikumar,,0.0,JC_Backdate_June2026.csv,272,J C NO,Merged Timeline Entry,86.0,VALID,2026-07-09 22:31:15
KA32F2230,JC-DevAus-AA1-2627-001097,20-06-2026,General Repair,0,Mustafa,,999.46,JC_Backdate_June2026.csv,273,J C NO,Merged Timeline Entry,86.0,VALID,2026-07-09 22:31:15
KA28AA6446,JC-DevAus-AA1-2627-001103,20-06-2026,General Repair,0,Mustafa,,0.0,JC_Backdate_June2026.csv,274,J C NO,Merged Timeline Entry,86.0,VALID,2026-07-09 22:31:15
KA32AC0834,JC-DevAus-AA1-2627-001096,20-06-2026,General Repair,0,Shashikumar,,0.0,JC_Backdate_June2026.csv,275,J C NO,Merged Timeline Entry,86.0,VALID,2026-07-09 22:31:15
KA32AB0942,JC-DevAus-AA1-2627-001101,20-06-2026,General Repair,0,Shashikumar,,2885.0,JC_Backdate_June2026.csv,276,J C NO,Merged Timeline Entry,86.0,VALID,2026-07-09 22:31:15
KA32AB5200,JC-DevAus-AA1-2627-001104,20-06-2026,General Repair,0,Mustafa,,4637.3,JC_Backdate_June2026.csv,277,J C NO,Merged Timeline Entry,86.0,VALID,2026-07-09 22:31:15
KA32AA9843,JC-DevAus-AA1-2627-001093,20-06-2026,General Repair,0,Mustafa,,1064.0,JC_Backdate_June2026.csv,278,J C NO,Merged Timeline Entry,86.0,VALID,2026-07-09 22:31:15
KA32AB5734,JC-DevAus-AA1-2627-001099,20-06-2026,General Repair,0,Shashikumar,,0.0,JC_Backdate_June2026.csv,279,J C NO,Merged Timeline Entry,86.0,VALID,2026-07-09 22:31:15
KA32AB4174,JC-DevAus-AA1-2627-001100,20-06-2026,General Repair,0,Shashikumar,,4825.0,JC_Backdate_June2026.csv,280,J C NO,Merged Timeline Entry,86.0,VALID,2026-07-09 22:31:15
KA32AC1845,JC-DevAus-AA1-2627-001111,22-06-2026,General Repair,0,RS1_100B210,,1750.0,JC_Backdate_June2026.csv,281,J C NO,Merged Timeline Entry,86.0,VALID,2026-07-09 22:31:15
KA32AC1343,JC-DevAus-AA1-2627-001109,22-06-2026,General Repair,0,RS1_100B210,,14407.91,JC_Backdate_June2026.csv,282,J C NO,Merged Timeline Entry,86.0,VALID,2026-07-09 22:31:15
KA32AA7881,JC-DevAus-AA1-2627-001110,22-06-2026,General Repair,0,RS1_100B210,,10626.54,JC_Backdate_June2026.csv,283,J C NO,Merged Timeline Entry,86.0,VALID,2026-07-09 22:31:15
KA32AA5065,JC-DevAus-AA1-2627-001106,22-06-2026,General Repair,0,CSP_100B210,,44987.31,JC_Backdate_June2026.csv,284,J C NO,Merged Timeline Entry,86.0,VALID,2026-07-09 22:31:15
KA32AB6087,JC-DevAus-AA1-2627-001112,22-06-2026,General Repair,0,RS1_100B210,,468.0,JC_Backdate_June2026.csv,285,J C NO,Merged Timeline Entry,86.0,VALID,2026-07-09 22:31:15
MH29BE5193,JC-DevAus-AA1-2627-001105,22-06-2026,General Repair,0,AC1_100B210,,22373.0,JC_Backdate_June2026.csv,286,J C NO,Merged Timeline Entry,86.0,VALID,2026-07-09 22:31:15
KA32AB0312,JC-DevAus-AA1-2627-001116,22-06-2026,General Repair,0,RS1_100B210,,1180.0,JC_Backdate_June2026.csv,287,J C NO,Merged Timeline Entry,86.0,VALID,2026-07-09 22:31:15
KA36C8097,JC-DevAus-AA1-2627-001115,22-06-2026,General Repair,0,RS1_100B210,,2754.0,JC_Backdate_June2026.csv,288,J C NO,Merged Timeline Entry,86.0,VALID,2026-07-09 22:31:15
KA28AA4266,JC-DevAus-AA1-2627-001113,22-06-2026,General Repair,0,RS1_100B210,,10734.0,JC_Backdate_June2026.csv,289,J C NO,Merged Timeline Entry,86.0,VALID,2026-07-09 22:31:15
KA33C0075,JC-DevAus-AA1-2627-001060,22-06-2026,General Repair,0,RS1_100B210,,1678.4,JC_Backdate_June2026.csv,290,J C NO,Merged Timeline Entry,86.0,VALID,2026-07-09 22:31:15
MH12UM5160,JC-DevAus-AA1-2627-001123,22-06-2026,General Repair,0,RS1_100B210,,1000.05,JC_Backdate_June2026.csv,291,J C NO,Merged Timeline Entry,86.0,VALID,2026-07-09 22:31:15
KA32AB5736,JC-DevAus-AA1-2627-001122,22-06-2026,General Repair,0,CSP_100B210,,590.0,JC_Backdate_June2026.csv,292,J C NO,Merged Timeline Entry,86.0,VALID,2026-07-09 22:31:15
KA32AB6706,JC-DevAus-AA1-2627-001118,22-06-2026,General Repair,0,RS1_100B210,,10114.49,JC_Backdate_June2026.csv,293,J C NO,Merged Timeline Entry,86.0,VALID,2026-07-09 22:31:15
MH12WX2404,JC-DevAus-AA1-2627-001120,22-06-2026,General Repair,0,CSP_100B210,,0.0,JC_Backdate_June2026.csv,294,J C NO,Merged Timeline Entry,86.0,VALID,2026-07-09 22:31:15
KA32AA8530,JC-DevAus-AA1-2627-001114,22-06-2026,General Repair,0,RS1_100B210,,1191.45,JC_Backdate_June2026.csv,295,J C NO,Merged Timeline Entry,86.0,VALID,2026-07-09 22:31:15
KA32AB0699,JC-DevAus-AA1-2627-001125,22-06-2026,General Repair,0,CSP_100B210,,8834.1,JC_Backdate_June2026.csv,296,J C NO,Merged Timeline Entry,86.0,VALID,2026-07-09 22:31:15
KA32AB9969,JC-DevAus-AA1-2627-001126,22-06-2026,General Repair,0,CSP_100B210,,9817.02,JC_Backdate_June2026.csv,297,J C NO,Merged Timeline Entry,86.0,VALID,2026-07-09 22:31:15
KA32AA8206,JC-DevAus-AA1-2627-001119,22-06-2026,General Repair,0,RS1_100B210,,19769.94,JC_Backdate_June2026.csv,298,J C NO,Merged Timeline Entry,86.0,VALID,2026-07-09 22:31:15
KA32AA9198,JC-DevAus-AA1-2627-001117,22-06-2026,General Repair,0,RS1_100B210,,27610.01,JC_Backdate_June2026.csv,299,J C NO,Merged Timeline Entry,86.0,VALID,2026-07-09 22:31:15
MH12YB1069,JC-DevAus-AA1-2627-001127,22-06-2026,General Repair,0,RS1_100B210,,0.0,JC_Backdate_June2026.csv,300,J C NO,Merged Timeline Entry,86.0,VALID,2026-07-09 22:31:15
KA32AB3615,JC-DevAus-AA1-2627-001124,22-06-2026,General Repair,0,CSP_100B210,,75999.36,JC_Backdate_June2026.csv,301,J C NO,Merged Timeline Entry,86.0,VALID,2026-07-09 22:31:15
MH12WX2411,JC-DevAus-AA1-2627-001129,22-06-2026,General Repair,0,CSP_100B210,,2314.0,JC_Backdate_June2026.csv,302,J C NO,Merged Timeline Entry,86.0,VALID,2026-07-09 22:31:15
KA32AB5796,JC-DevAus-AA1-2627-001128,22-06-2026,General Repair,0,CSP_100B210,,7534.0,JC_Backdate_June2026.csv,303,J C NO,Merged Timeline Entry,86.0,VALID,2026-07-09 22:31:15
KA32AA6412,JC-DevAus-AA1-2627-001079,23-06-2026,General Repair,0,CSP_100B210,,41402.14,JC_Backdate_June2026.csv,304,J C NO,Merged Timeline Entry,86.0,VALID,2026-07-09 22:31:15
KA32AB7812,JC-DevAus-AA1-2627-001121,23-06-2026,General Repair,0,RS1_100B210,,581.0,JC_Backdate_June2026.csv,305,J C NO,Merged Timeline Entry,86.0,VALID,2026-07-09 22:31:15
KA32AB9141,JC-DevAus-AA1-2627-001134,23-06-2026,General Repair,0,RS1_100B210,,0.0,JC_Backdate_June2026.csv,306,J C NO,Merged Timeline Entry,86.0,VALID,2026-07-09 22:31:15
KA32AC0763,JC-DevAus-AA1-2627-001132,23-06-2026,General Repair,0,RS1_100B210,,10927.91,JC_Backdate_June2026.csv,307,J C NO,Merged Timeline Entry,86.0,VALID,2026-07-09 22:31:15
KA32AB9350,JC-DevAus-AA1-2627-001135,23-06-2026,General Repair,0,RS1_100B210,,0.0,JC_Backdate_June2026.csv,308,J C NO,Merged Timeline Entry,86.0,VALID,2026-07-09 22:31:15
KA32AC1626,JC-DevAus-AA1-2627-001137,23-06-2026,General Repair,0,RS1_100B210,,1750.0,JC_Backdate_June2026.csv,309,J C NO,Merged Timeline Entry,86.0,VALID,2026-07-09 22:31:15
KA32AC1627,JC-DevAus-AA1-2627-001139,23-06-2026,General Repair,0,RS1_100B210,,1750.0,JC_Backdate_June2026.csv,310,J C NO,Merged Timeline Entry,86.0,VALID,2026-07-09 22:31:15
MH43CK2734,JC-DevAus-AA1-2627-001131,23-06-2026,General Repair,0,RS1_100B210,,4299.76,JC_Backdate_June2026.csv,311,J C NO,Merged Timeline Entry,86.0,VALID,2026-07-09 22:31:15
KA32AA6611,JC-DevAus-AA1-2627-001140,23-06-2026,General Repair,0,RS1_100B210,,17945.1,JC_Backdate_June2026.csv,312,J C NO,Merged Timeline Entry,86.0,VALID,2026-07-09 22:31:15
KA32AA6946,JC-DevAus-AA1-2627-001138,23-06-2026,General Repair,0,RS1_100B210,,6726.96,JC_Backdate_June2026.csv,313,J C NO,Merged Timeline Entry,86.0,VALID,2026-07-09 22:31:15
KA32AB9970,JC-DevAus-AA1-2627-001142,23-06-2026,General Repair,0,RS1_100B210,,9817.02,JC_Backdate_June2026.csv,314,J C NO,Merged Timeline Entry,86.0,VALID,2026-07-09 22:31:15
MH12XM2654,JC-DevAus-AA1-2627-001143,23-06-2026,General Repair,0,RS1_100B210,,6433.2,JC_Backdate_June2026.csv,315,J C NO,Merged Timeline Entry,86.0,VALID,2026-07-09 22:31:15
KA32AA7995,JC-DevAus-AA1-2627-001144,23-06-2026,General Repair,0,RS1_100B210,,4533.15,JC_Backdate_June2026.csv,316,J C NO,Merged Timeline Entry,86.0,VALID,2026-07-09 22:31:15
KA32AA3827,JC-DevAus-AA1-2627-001145,23-06-2026,General Repair,0,RS1_100B210,,22761.5,JC_Backdate_June2026.csv,317,J C NO,Merged Timeline Entry,86.0,VALID,2026-07-09 22:31:15
KA33B9800,JC-DevAus-AA1-2627-001146,23-06-2026,General Repair,0,RS1_100B210,,7430.5,JC_Backdate_June2026.csv,318,J C NO,Merged Timeline Entry,86.0,VALID,2026-07-09 22:31:15
KA32AB0700,JC-DevAus-AA1-2627-001147,23-06-2026,General Repair,0,RS1_100B210,,8127.72,JC_Backdate_June2026.csv,319,J C NO,Merged Timeline Entry,86.0,VALID,2026-07-09 22:31:15
KA32AB1252,JC-DevAus-AA1-2627-001148,23-06-2026,General Repair,0,RS1_100B210,,944.0,JC_Backdate_June2026.csv,320,J C NO,Merged Timeline Entry,86.0,VALID,2026-07-09 22:31:15
KA28AB7406,JC-DevAus-AA1-2627-001149,23-06-2026,General Repair,0,RS1_100B210,,2199.91,JC_Backdate_June2026.csv,321,J C NO,Merged Timeline Entry,86.0,VALID,2026-07-09 22:31:15
KA32AB8843,JC-DevAus-AA1-2627-001136,23-06-2026,General Repair,0,RS1_100B210,,6871.0,JC_Backdate_June2026.csv,322,J C NO,Merged Timeline Entry,86.0,VALID,2026-07-09 22:31:15
KA13C7597,JC-DevAus-AA1-2627-001150,23-06-2026,General Repair,0,RS1_100B210,,12000.2,JC_Backdate_June2026.csv,323,J C NO,Merged Timeline Entry,86.0,VALID,2026-07-09 22:31:15
KA32AC1342,JC-DevAus-AA1-2627-001151,24-06-2026,General Repair,0,RS1_100B210,,24927.91,JC_Backdate_June2026.csv,324,J C NO,Merged Timeline Entry,86.0,VALID,2026-07-09 22:31:15
KA32AB6406,JC-DevAus-AA1-2627-001154,24-06-2026,General Repair,0,RS1_100B210,,20.0,JC_Backdate_June2026.csv,325,J C NO,Merged Timeline Entry,86.0,VALID,2026-07-09 22:31:15
MH12XM8978,JC-DevAus-AA1-2627-001155,24-06-2026,General Repair,0,CSP_100B210,,20.0,JC_Backdate_June2026.csv,326,J C NO,Merged Timeline Entry,86.0,VALID,2026-07-09 22:31:15
KA32AA5457,JC-DevAus-AA1-2627-001159,24-06-2026,General Repair,0,RS1_100B210,,0.0,JC_Backdate_June2026.csv,327,J C NO,Merged Timeline Entry,86.0,VALID,2026-07-09 22:31:15
KA32AB4906,JC-DevAus-AA1-2627-001133,24-06-2026,General Repair,0,RS1_100B210,,61506.0,JC_Backdate_June2026.csv,328,J C NO,Merged Timeline Entry,86.0,VALID,2026-07-09 22:31:15
KA32AC1124,JC-DevAus-AA1-2627-001163,24-06-2026,General Repair,0,RS1_100B210,,71.3,JC_Backdate_June2026.csv,329,J C NO,Merged Timeline Entry,86.0,VALID,2026-07-09 22:31:15
MH12UM9044,JC-DevAus-AA1-2627-001160,24-06-2026,General Repair,0,AC1_100B210,,18417.0,JC_Backdate_June2026.csv,330,J C NO,Merged Timeline Entry,86.0,VALID,2026-07-09 22:31:15
KA32AB1324,JC-DevAus-AA1-2627-001170,24-06-2026,General Repair,0,RS1_100B210,,2529.72,JC_Backdate_June2026.csv,331,J C NO,Merged Timeline Entry,86.0,VALID,2026-07-09 22:31:15
KA32AC0544,JC-DevAus-AA1-2627-001161,24-06-2026,General Repair,0,RS1_100B210,,20.0,JC_Backdate_June2026.csv,332,J C NO,Merged Timeline Entry,86.0,VALID,2026-07-09 22:31:15
KA32AB6384,JC-DevAus-AA1-2627-001164,24-06-2026,General Repair,0,AC1_100B210,,0.0,JC_Backdate_June2026.csv,333,J C NO,Merged Timeline Entry,86.0,VALID,2026-07-09 22:31:15
KA32AA8551,JC-DevAus-AA1-2627-001162,24-06-2026,General Repair,0,CSP_100B210,,2658.0,JC_Backdate_June2026.csv,334,J C NO,Merged Timeline Entry,86.0,VALID,2026-07-09 22:31:15
MH12WX2418,JC-DevAus-AA1-2627-001171,24-06-2026,General Repair,0,RS1_100B210,,646.75,JC_Backdate_June2026.csv,335,J C NO,Merged Timeline Entry,86.0,VALID,2026-07-09 22:31:15
KA32AB6825,JC-DevAus-AA1-2627-001169,24-06-2026,General Repair,0,RS1_100B210,,1888.0,JC_Backdate_June2026.csv,336,J C NO,Merged Timeline Entry,86.0,VALID,2026-07-09 22:31:15
KA33B9824,JC-DevAus-AA1-2627-001166,25-06-2026,General Repair,0,AC1_100B210,,31419.34,JC_Backdate_June2026.csv,337,J C NO,Merged Timeline Entry,86.0,VALID,2026-07-09 22:31:15
KA32AB4907,JC-DevAus-AA1-2627-001167,25-06-2026,General Repair,0,CSP_100B210,,0.0,JC_Backdate_June2026.csv,338,J C NO,Merged Timeline Entry,86.0,VALID,2026-07-09 22:31:15
KA32AB4258,JC-DevAus-AA1-2627-001153,25-06-2026,General Repair,0,RS1_100B210,,44999.9,JC_Backdate_June2026.csv,339,J C NO,Merged Timeline Entry,86.0,VALID,2026-07-09 22:31:15
MH12YQ0958,JC-DevAus-AA1-2627-001174,25-06-2026,General Repair,0,CSP_100B210,,0.0,JC_Backdate_June2026.csv,340,J C NO,Merged Timeline Entry,86.0,VALID,2026-07-09 22:31:15
KA51AM4494,JC-DevAus-AA1-2627-001175,25-06-2026,General Repair,0,CSP_100B210,,11232.81,JC_Backdate_June2026.csv,341,J C NO,Merged Timeline Entry,86.0,VALID,2026-07-09 22:31:15
KA32AA7587,JC-DevAus-AA1-2627-001176,25-06-2026,General Repair,0,CSP_100B210,,0.0,JC_Backdate_June2026.csv,342,J C NO,Merged Timeline Entry,86.0,VALID,2026-07-09 22:31:15
KA32AC2553,JC-DevAus-AA1-2627-001177,25-06-2026,General Repair,0,CSP_100B210,,0.0,JC_Backdate_June2026.csv,343,J C NO,Merged Timeline Entry,86.0,VALID,2026-07-09 22:31:15
MH12XM7341,JC-DevAus-AA1-2627-001180,25-06-2026,General Repair,0,CSP_100B210,,1870.0,JC_Backdate_June2026.csv,344,J C NO,Merged Timeline Entry,86.0,VALID,2026-07-09 22:31:15
KA32AB6087,JC-DevAus-AA1-2627-001178,25-06-2026,General Repair,0,CSP_100B210,,0.0,JC_Backdate_June2026.csv,345,J C NO,Merged Timeline Entry,86.0,VALID,2026-07-09 22:31:15
KA32AB6546,JC-DevAus-AA1-2627-001173,25-06-2026,General Repair,0,CSP_100B210,,20955.91,JC_Backdate_June2026.csv,346,J C NO,Merged Timeline Entry,86.0,VALID,2026-07-09 22:31:15
KA32AA4660,JC-DevAus-AA1-2627-001157,25-06-2026,General Repair,0,RS1_100B210,,5164.0,JC_Backdate_June2026.csv,347,J C NO,Merged Timeline Entry,86.0,VALID,2026-07-09 22:31:15
KA13AA1596,JC-DevAus-AA1-2627-001179,25-06-2026,General Repair,0,CSP_100B210,,5743.15,JC_Backdate_June2026.csv,348,J C NO,Merged Timeline Entry,86.0,VALID,2026-07-09 22:31:15
KA32AB0735,JC-DevAus-AA1-2627-001187,27-06-2026,General Repair,0,CSP_100B210,,8499.83,JC_Backdate_June2026.csv,349,J C NO,Merged Timeline Entry,86.0,VALID,2026-07-09 22:31:15
KA32AA5836,JC-DevAus-AA1-2627-001184,27-06-2026,General Repair,0,CSP_100B210,,6700.1,JC_Backdate_June2026.csv,350,J C NO,Merged Timeline Entry,86.0,VALID,2026-07-09 22:31:15
KA51AM4494,JC-DevAus-AA1-2627-001186,27-06-2026,General Repair,0,CSP_100B210,,0.0,JC_Backdate_June2026.csv,351,J C NO,Merged Timeline Entry,86.0,VALID,2026-07-09 22:31:15
KA32AC1626,JC-DevAus-AA1-2627-001192,27-06-2026,General Repair,0,RS1_100B210,,17.1,JC_Backdate_June2026.csv,352,J C NO,Merged Timeline Entry,86.0,VALID,2026-07-09 22:31:15
KA32AA7927,JC-DevAus-AA1-2627-001194,27-06-2026,General Repair,0,CSP_100B210,,49355.43,JC_Backdate_June2026.csv,353,J C NO,Merged Timeline Entry,86.0,VALID,2026-07-09 22:31:15
KA32AB8147,JC-DevAus-AA1-2627-001191,27-06-2026,General Repair,0,RS1_100B210,,6000.3,JC_Backdate_June2026.csv,354,J C NO,Merged Timeline Entry,86.0,VALID,2026-07-09 22:31:15
KA32AB1240,JC-DevAus-AA1-2627-001195,27-06-2026,General Repair,0,CSP_100B210,,16438.01,JC_Backdate_June2026.csv,355,J C NO,Merged Timeline Entry,86.0,VALID,2026-07-09 22:31:15
KA28AA9863,JC-DevAus-AA1-2627-001168,27-06-2026,General Repair,0,CSP_100B210,,32640.55,JC_Backdate_June2026.csv,356,J C NO,Merged Timeline Entry,86.0,VALID,2026-07-09 22:31:15
KA33B5285,JC-DevAus-AA1-2627-001165,27-06-2026,General Repair,0,RS1_100B210,,98500.18,JC_Backdate_June2026.csv,357,J C NO,Merged Timeline Entry,86.0,VALID,2026-07-09 22:31:15
MH12XM0273,JC-DevAus-AA1-2627-001199,27-06-2026,General Repair,0,RS1_100B210,,3291.8,JC_Backdate_June2026.csv,358,J C NO,Merged Timeline Entry,86.0,VALID,2026-07-09 22:31:15
